股票简称,股票代码,制度阶段,行业分类,发行折价率,配股比例,第一大股东持股比,ROE,资产负债率,CAR[-10 10],大股东认购意愿
浦发银行,600000,注册制前,银行,0.55,0.3,0.22,0.125,0.92,-0.185,未明确
兴业证券,601377,注册制前,券商,0.35,0.3,0.2049,0.081,0.78,-0.062,全额认购
贵州茅台,600519,注册制前,食品饮料,0.05,0.1,0.54,0.245,0.22,0.085,全额认购
焦点科技,2315,注册制前,计算机,0.45,0.3,0.25,0.035,0.42,-0.158,未明确
宁德时代,300750,注册制后,电力设备,0.08,0.12,0.25,0.21,0.45,0.075,全额认购
新天地,301277,注册制后,医药生物,0.38,0.3,0.28,0.042,0.52,-0.125,未明确
紫金矿业,601899,注册制后,有色金属,0.3,0.25,0.24,0.12,0.58,-0.045,全额认购
东方证券,600958,注册制前,券商,0.42,0.28,0.18,0.065,0.82,-0.1092,部分认购
中马传动,603130,注册制后,汽车,0.42,0.3,0.35,0.0845,0.45,0.0845,未明确
佰维存储,688525,注册制后,电子,0.25,0.15,0.42,0.12,0.55,0.012,全额认购
西大门,605155,注册制后,轻工制造,0.15,0.2,0.315,0.08,0.35,0.03,全额认购
爱美客,300896,注册制前,美容护理,0.2,0.1,0.25,0.22,0.15,0.041,全额认购
国药股份,600511,注册制前,医药生物,0.2,0.25,0.5295,0.15,0.4,0.015,全额认购
思泰克,301568,注册制后,机械设备,0.3,0.3,0.38,0.1,0.3,0.052,未明确
万科A,2,注册制前,房地产,0.28,0.25,0.281,0.09,0.75,0.024,部分认购
五粮液,858,注册制前,食品饮料,0.1,0.1,0.5,0.2,0.25,0.062,全额认购
中国平安,601318,注册制前,保险,0.35,0.2,0.25,0.14,0.89,0.055,全额认购
格力电器,651,注册制前,家用电器,0.3,0.15,0.185,0.18,0.6,0.048,全额认购
伊利股份,600887,注册制前,食品饮料,0.15,0.1,0.22,0.16,0.55,0.012,全额认购
美的集团,333,注册制前,家用电器,0.12,0.1,0.325,0.19,0.58,0.027,全额认购
中国中免,601888,注册制后,商贸零售,0.25,0.15,0.53,0.15,0.3,0.038,全额认购
隆基绿能,601012,注册制前,电力设备,0.4,0.3,0.28,0.18,0.55,0.112,全额认购
恒瑞医药,600276,注册制前,医药生物,0.22,0.15,0.24,0.2,0.12,0.015,全额认购
比亚迪,2594,注册制后,汽车,0.18,0.1,0.18,0.15,0.65,0.032,全额认购
药明康德,603259,注册制前,医药生物,0.35,0.2,0.268,0.18,0.28,0.085,部分认购